"handle","dataset.id","acc.mean.mod","acc.mean.old","acc.shape.mod","acc.shape.old","mem.strength","mem.mean","hiatus","thick","age.type","run","suit","ndates","success"
"ADELINE",13060,3.02,15,0.53,0.9,4,0.7,NA,5,"Calibrated radiocarbon years BP",FALSE,TRUE,7,NA
"MNFRAL",12016,3.02,15,0.53,0.9,4,0.7,NA,5,"Calendar years BP",FALSE,FALSE,1,NA
"ALLIE",29,3.02,15,0.53,0.9,4,0.7,NA,5,"Radiocarbon years BP",FALSE,TRUE,2,NA
"AMBER",14631,3.02,15,0.53,0.9,4,0.7,NA,5,"Calendar years BP",FALSE,TRUE,3,NA
"ANDRUSLK",205,3.02,15,0.53,0.9,4,0.7,NA,5,"Radiocarbon years BP",FALSE,TRUE,13,NA
"BADMED",223,3.02,15,0.53,0.9,4,0.7,NA,5,"Radiocarbon years BP",FALSE,TRUE,2,NA
"BASSK",14270,3.02,15,0.53,0.9,4,0.7,NA,5,"Calendar years BP",FALSE,TRUE,4,NA
"BBASS",241,3.02,15,0.53,0.9,4,0.7,NA,5,"Radiocarbon years BP",FALSE,TRUE,2,NA
"BECKMAN",249,3.02,15,0.53,0.9,4,0.7,NA,5,"Radiocarbon years BP",FALSE,TRUE,2,NA
"BECKMNBG",3062,3.02,15,0.53,0.9,4,0.7,NA,5,"Radiocarbon years BP",FALSE,TRUE,2,NA
"BIGJOHN",272,3.02,15,0.53,0.9,4,0.7,NA,5,"Radiocarbon years BP",FALSE,TRUE,4,NA
"BILLYS",275,3.02,15,0.53,0.9,4,0.7,NA,5,"Radiocarbon years BP",FALSE,TRUE,8,NA
"BLANDIN",280,3.02,15,0.53,0.9,4,0.7,NA,5,"Radiocarbon years BP",FALSE,TRUE,2,NA
"BLOMFORD",10973,3.02,15,0.53,0.9,4,0.7,NA,5,"Calendar years BP",FALSE,TRUE,2,NA
"BLUMOUND",287,3.02,15,0.53,0.9,4,0.7,NA,5,"Radiocarbon years BP",FALSE,TRUE,6,NA
"BOBLAKE",296,3.02,15,0.53,0.9,4,0.7,NA,5,"Radiocarbon years BP",FALSE,TRUE,2,NA
"BOGD",298,3.02,15,0.53,0.9,4,0.7,NA,5,"Radiocarbon years BP",FALSE,TRUE,5,NA
"BOSSUOT",305,3.02,15,0.53,0.9,4,0.7,NA,5,"Radiocarbon years BP",FALSE,TRUE,2,NA
"BROWNLK",313,3.02,15,0.53,0.9,4,0.7,NA,5,"Radiocarbon years BP",FALSE,TRUE,12,NA
"BROWNSBY",314,3.02,15,0.53,0.9,4,0.7,NA,5,"Calendar years BP",FALSE,TRUE,13,NA
"BURNTSDE",325,3.02,15,0.53,0.9,4,0.7,NA,5,"Radiocarbon years BP",FALSE,TRUE,2,NA
"CAMP",14633,3.02,15,0.53,0.9,4,0.7,NA,5,"Calendar years BP",FALSE,TRUE,3,NA
"CAMP11LK",332,3.02,15,0.53,0.9,4,0.7,NA,5,"Radiocarbon years BP",FALSE,TRUE,13,NA
"CAMP12LK",333,3.02,15,0.53,0.9,4,0.7,NA,5,"Radiocarbon years BP",FALSE,TRUE,15,NA
"CAMPBELL",334,3.02,15,0.53,0.9,4,0.7,NA,5,"Radiocarbon years BP",FALSE,TRUE,2,NA
"CAMPLAKE",13057,3.02,15,0.53,0.9,4,0.7,NA,5,"Calendar years BP",FALSE,TRUE,2,NA
"CANYON",3055,3.02,15,0.53,0.9,4,0.7,NA,5,"Radiocarbon years BP",FALSE,TRUE,10,NA
"CEDARBLK",352,3.02,15,0.53,0.9,4,0.7,NA,5,"Radiocarbon years BP",FALSE,TRUE,4,NA
"CHIPPEWA",369,3.02,15,0.53,0.9,4,0.7,NA,5,"Radiocarbon years BP",FALSE,TRUE,4,NA
"CHUBLAKE",12010,3.02,15,0.53,0.9,4,0.7,NA,5,"Calendar years BP",FALSE,TRUE,2,NA
"CINDY",382,3.02,15,0.53,0.9,4,0.7,NA,5,"Radiocarbon years BP",FALSE,TRUE,2,NA
"MNLYC2",12005,3.02,15,0.53,0.9,4,0.7,NA,5,"Calendar years BP",FALSE,TRUE,2,NA
"MNGRCL",515,3.02,15,0.53,0.9,4,0.7,NA,5,"Radiocarbon years BP",FALSE,TRUE,2,NA
"CRAZY",521,3.02,15,0.53,0.9,4,0.7,NA,5,"Radiocarbon years BP",FALSE,TRUE,2,NA
"CUB2",532,3.02,15,0.53,0.9,4,0.7,NA,5,"Radiocarbon years BP",FALSE,TRUE,7,NA
"DALTON",545,3.02,15,0.53,0.9,4,0.7,NA,5,"Radiocarbon years BP",FALSE,TRUE,2,NA
"DARKLAKE",546,3.02,15,0.53,0.9,4,0.7,NA,5,"Varve years BP",FALSE,FALSE,NA,NA
"DEANS",12007,3.02,15,0.53,0.9,4,0.7,NA,5,"Calendar years BP",FALSE,TRUE,2,NA
"DEMONTLK",679,3.02,15,0.53,0.9,4,0.7,NA,5,"Radiocarbon years BP",FALSE,TRUE,7,NA
"DENTONLK",681,3.02,15,0.53,0.9,4,0.7,NA,5,"Radiocarbon years BP",FALSE,TRUE,14,NA
"DEVILSWI",684,3.02,15,0.53,0.9,4,0.7,NA,5,"Radiocarbon years BP",FALSE,TRUE,12,NA
"DISTER59",700,3.02,15,0.53,0.9,4,0.7,NA,5,"Radiocarbon years BP",FALSE,FALSE,NA,NA
"DISTRHFT",3081,3.02,15,0.53,0.9,4,0.7,NA,5,"Radiocarbon years BP",FALSE,TRUE,7,NA
"DOGFISH",717,3.02,15,0.53,0.9,4,0.7,NA,5,"Radiocarbon years BP",FALSE,TRUE,2,NA
"DUNNIGAN",774,3.02,15,0.53,0.9,4,0.7,NA,5,"Radiocarbon years BP",FALSE,TRUE,15,NA
"EASTTWIN",781,3.02,15,0.53,0.9,4,0.7,NA,5,"Radiocarbon years BP",FALSE,TRUE,2,NA
"EGGERT",786,3.02,15,0.53,0.9,4,0.7,NA,5,"Radiocarbon years BP",FALSE,TRUE,2,NA
"ELEVENS",13069,3.02,15,0.53,0.9,4,0.7,NA,5,"Calibrated radiocarbon years BP",FALSE,TRUE,10,NA
"EMILY",12008,3.02,15,0.53,0.9,4,0.7,NA,5,"Calendar years BP",FALSE,TRUE,2,NA
"ESKALAKE",13071,3.02,15,0.53,0.9,4,0.7,NA,5,"Calibrated radiocarbon years BP",FALSE,TRUE,6,NA
"EVRHRTLK",12024,3.02,15,0.53,0.9,4,0.7,NA,5,"Calendar years BP",FALSE,TRUE,2,NA
"FAITH",817,3.02,15,0.53,0.9,4,0.7,NA,5,"Radiocarbon years BP",FALSE,TRUE,2,NA
"FALLISON",13073,3.02,15,0.53,0.9,4,0.7,NA,5,"Calibrated radiocarbon years BP",FALSE,TRUE,7,NA
"FARQUAR",822,3.02,15,0.53,0.9,4,0.7,NA,5,"Radiocarbon years BP",FALSE,TRUE,2,NA
"FAWNANMN",10974,3.02,15,0.53,0.9,4,0.7,NA,5,"Calendar years BP",FALSE,TRUE,2,NA
"FAWNLAKE",824,3.02,15,0.53,0.9,4,0.7,NA,5,"Radiocarbon years BP",FALSE,TRUE,2,NA
"FOXPOND",846,3.02,15,0.53,0.9,4,0.7,NA,5,"Radiocarbon years BP",FALSE,TRUE,2,NA
"FRAINSLK",847,3.02,15,0.53,0.9,4,0.7,NA,5,"Radiocarbon years BP",FALSE,TRUE,9,NA
"FRENCH",850,3.02,15,0.53,0.9,4,0.7,NA,5,"Radiocarbon years BP",FALSE,TRUE,5,NA
"FROVOLD",10975,3.02,15,0.53,0.9,4,0.7,NA,5,"Calendar years BP",FALSE,TRUE,2,NA
"GASS",860,3.02,15,0.53,0.9,4,0.7,NA,5,"Radiocarbon years BP",FALSE,TRUE,8,NA
"GEORGE",869,3.02,15,0.53,0.9,4,0.7,NA,5,"Radiocarbon years BP",FALSE,TRUE,2,NA
"GLIMML1",13097,3.02,15,0.53,0.9,4,0.7,NA,5,"Calibrated radiocarbon years BP",FALSE,TRUE,6,NA
"GOLDSMTH",967,3.02,15,0.53,0.9,4,0.7,NA,5,"Radiocarbon years BP",FALSE,TRUE,2,NA
"GOOSEMN",10976,3.02,15,0.53,0.9,4,0.7,NA,5,"Calendar years BP",FALSE,TRUE,2,NA
"GREENLK",982,3.02,15,0.53,0.9,4,0.7,NA,5,"Radiocarbon years BP",FALSE,TRUE,4,NA
"GRICE",990,3.02,15,0.53,0.9,4,0.7,NA,5,"Radiocarbon years BP",FALSE,TRUE,2,NA
"HANSON",1004,3.02,15,0.53,0.9,4,0.7,NA,5,"Radiocarbon years BP",FALSE,TRUE,3,NA
"HELLSKIT",3131,3.02,15,0.53,0.9,4,0.7,NA,5,"Varve years BP",FALSE,FALSE,NA,NA
"HEMOPOND",1032,3.02,15,0.53,0.9,4,0.7,NA,5,"Radiocarbon years BP",FALSE,TRUE,2,NA
"HORSE",1109,3.02,15,0.53,0.9,4,0.7,NA,5,"Radiocarbon years BP",FALSE,TRUE,2,NA
"HOSTAGE",1111,3.02,15,0.53,0.9,4,0.7,NA,5,"Radiocarbon years BP",FALSE,TRUE,4,NA
"HUGLAKE",1134,3.02,15,0.53,0.9,4,0.7,NA,5,"Radiocarbon years BP",FALSE,TRUE,2,NA
"HUSTLER",1138,3.02,15,0.53,0.9,4,0.7,NA,5,"Radiocarbon years BP",FALSE,TRUE,12,NA
"IOLABOG",1151,3.02,15,0.53,0.9,4,0.7,NA,5,"Radiocarbon years BP",FALSE,FALSE,NA,NA
"IRVIN",1153,3.02,15,0.53,0.9,4,0.7,NA,5,"Radiocarbon years BP",FALSE,TRUE,7,NA
"IRWINSMT",13047,3.02,15,0.53,0.9,4,0.7,NA,5,"Calibrated radiocarbon years BP",FALSE,TRUE,24,NA
"JACOBSN2",3138,3.02,15,0.53,0.9,4,0.7,NA,5,"Radiocarbon years BP",FALSE,TRUE,4,NA
"MNSHBL",15274,3.02,15,0.53,0.9,4,0.7,NA,5,"Calendar years BP",FALSE,FALSE,1,NA
"KEGAN",1446,3.02,15,0.53,0.9,4,0.7,NA,5,"Radiocarbon years BP",FALSE,TRUE,2,NA
"KELLHOL1",1447,3.02,15,0.53,0.9,4,0.7,NA,5,"Radiocarbon years BP",FALSE,TRUE,4,NA
"KELLHOL2",3452,3.02,15,0.53,0.9,4,0.7,NA,5,"Radiocarbon years BP",FALSE,TRUE,4,NA
"KELLNERS",1448,3.02,15,0.53,0.9,4,0.7,NA,5,"Radiocarbon years BP",FALSE,TRUE,6,NA
"KIMBLE",13032,3.02,15,0.53,0.9,4,0.7,NA,5,"Calibrated radiocarbon years BP",FALSE,TRUE,11,NA
"KIRCHNR1",1520,3.02,15,0.53,0.9,4,0.7,NA,5,"Radiocarbon years BP",FALSE,TRUE,6,NA
"KIRCHNR2",3455,3.02,15,0.53,0.9,4,0.7,NA,5,"Radiocarbon years BP",FALSE,TRUE,3,NA
"KITCHNER",1524,3.02,15,0.53,0.9,4,0.7,NA,5,"Radiocarbon years BP",FALSE,TRUE,5,NA
"KOTIRANT",1548,3.02,15,0.53,0.9,4,0.7,NA,5,"Radiocarbon years BP",FALSE,TRUE,2,NA
"KRYZ",1552,3.02,15,0.53,0.9,4,0.7,NA,5,"Radiocarbon years BP",FALSE,TRUE,2,NA
"LAKE27",1581,3.02,15,0.53,0.9,4,0.7,NA,5,"Radiocarbon years BP",FALSE,TRUE,4,NA
"LAKEANN",1584,3.02,15,0.53,0.9,4,0.7,NA,5,"Radiocarbon years BP",FALSE,TRUE,2,NA
"LAKEANNF",3468,3.02,15,0.53,0.9,4,0.7,NA,5,"Radiocarbon years BP",FALSE,TRUE,3,NA
"LAKECARL",1588,3.02,15,0.53,0.9,4,0.7,NA,5,"Radiocarbon years BP",FALSE,TRUE,2,NA
"LAKEMARY",3473,3.02,15,0.53,0.9,4,0.7,NA,5,"Radiocarbon years BP",FALSE,TRUE,4,NA
"LASTLAKE",12004,3.02,15,0.53,0.9,4,0.7,NA,5,"Calendar years BP",FALSE,FALSE,1,NA
"LEWISLK",1629,3.02,15,0.53,0.9,4,0.7,NA,5,"Radiocarbon years BP",FALSE,TRUE,2,NA
"LILYLAKE",1633,3.02,15,0.53,0.9,4,0.7,NA,5,"Radiocarbon years BP",FALSE,TRUE,9,NA
"LITTBASS",1639,3.02,15,0.53,0.9,4,0.7,NA,5,"Radiocarbon years BP",FALSE,TRUE,7,NA
"LITTLPIN",1643,3.02,15,0.53,0.9,4,0.7,NA,5,"Varve years BP",FALSE,FALSE,NA,NA
"LKCLDSH",3482,3.02,15,0.53,0.9,4,0.7,NA,5,"Varve years BP",FALSE,FALSE,NA,NA
"LKCLDSSW",3483,3.02,15,0.53,0.9,4,0.7,NA,5,"Varve years BP",FALSE,FALSE,NA,NA
"LOSTLAKE",1665,3.02,15,0.53,0.9,4,0.7,NA,5,"Radiocarbon years BP",FALSE,TRUE,2,NA
"LTDOLLAR",12001,3.02,15,0.53,0.9,4,0.7,NA,5,"Calibrated radiocarbon years BP",FALSE,TRUE,3,NA
"LYBECK",12014,3.02,15,0.53,0.9,4,0.7,NA,5,"Calendar years BP",FALSE,TRUE,2,NA
"MABEL",1685,3.02,15,0.53,0.9,4,0.7,NA,5,"Radiocarbon years BP",FALSE,FALSE,1,NA
"MARTINPD",1708,3.02,15,0.53,0.9,4,0.7,NA,5,"Radiocarbon years BP",FALSE,TRUE,2,NA
"MCCRANEY",1720,3.02,15,0.53,0.9,4,0.7,NA,5,"Radiocarbon years BP",FALSE,TRUE,2,NA
"MCNRNY2A",1725,3.02,15,0.53,0.9,4,0.7,NA,5,"Radiocarbon years BP",FALSE,TRUE,11,NA
"MCNRNY3A",3485,3.02,15,0.53,0.9,4,0.7,NA,5,"Radiocarbon years BP",FALSE,TRUE,11,NA
"MCNRNY4A",3486,3.02,15,0.53,0.9,4,0.7,NA,5,"Radiocarbon years BP",FALSE,TRUE,9,NA
"MENDOTAC",1735,3.02,15,0.53,0.9,4,0.7,NA,5,"Radiocarbon years BP",FALSE,TRUE,7,NA
"MENDOTAD",3488,3.02,15,0.53,0.9,4,0.7,NA,5,"Radiocarbon years BP",FALSE,TRUE,6,NA
"MINNIEN",1757,3.02,15,0.53,0.9,4,0.7,NA,5,"Radiocarbon years BP",FALSE,TRUE,2,NA
"MINNIEO",3492,3.02,15,0.53,0.9,4,0.7,NA,5,"Radiocarbon years BP",FALSE,TRUE,4,NA
"MONSON",12006,3.02,15,0.53,0.9,4,0.7,NA,5,"Calendar years BP",FALSE,TRUE,2,NA
"MUDDLMN",12013,3.02,15,0.53,0.9,4,0.7,NA,5,"Calendar years BP",FALSE,TRUE,2,NA
"MUDLKMN1",1777,3.02,15,0.53,0.9,4,0.7,NA,5,"Radiocarbon years BP",FALSE,TRUE,2,NA
"MUDLKMN2",1778,3.02,15,0.53,0.9,4,0.7,NA,5,"Radiocarbon years BP",FALSE,TRUE,5,NA
"MURPHY",1781,3.02,15,0.53,0.9,4,0.7,NA,5,"Radiocarbon years BP",FALSE,TRUE,2,NA
"MYRTLE",1786,3.02,15,0.53,0.9,4,0.7,NA,5,"Radiocarbon years BP",FALSE,TRUE,7,NA
"NELSLK",1793,3.02,15,0.53,0.9,4,0.7,NA,5,"Radiocarbon years BP",FALSE,TRUE,16,NA
"OAKGLEN",13056,3.02,15,0.53,0.9,4,0.7,NA,5,"Calendar years BP",FALSE,TRUE,2,NA
"OCHEDA",10971,3.02,15,0.53,0.9,4,0.7,NA,5,"Calendar years BP",FALSE,TRUE,2,NA
"OLSONMN",10977,3.02,15,0.53,0.9,4,0.7,NA,5,"Calendar years BP",FALSE,TRUE,2,NA
"ONAMIA",1830,3.02,15,0.53,0.9,4,0.7,NA,5,"Radiocarbon years BP",FALSE,TRUE,2,NA
"ONDRISPD",1831,3.02,15,0.53,0.9,4,0.7,NA,5,"Radiocarbon years BP",FALSE,TRUE,4,NA
"OTTOMLK",1840,3.02,15,0.53,0.9,4,0.7,NA,5,"Radiocarbon years BP",FALSE,TRUE,11,NA
"PENNINGT",1884,3.02,15,0.53,0.9,4,0.7,NA,5,"Radiocarbon years BP",FALSE,TRUE,2,NA
"PERCHMN",12009,3.02,15,0.53,0.9,4,0.7,NA,5,"Calendar years BP",FALSE,TRUE,2,NA
"PETERSL",1891,3.02,15,0.53,0.9,4,0.7,NA,5,"Radiocarbon years BP",FALSE,TRUE,4,NA
"PGONIABG",3541,3.02,15,0.53,0.9,4,0.7,NA,5,"Radiocarbon years BP",FALSE,TRUE,2,NA
"PLEASAMN",1955,3.02,15,0.53,0.9,4,0.7,NA,5,"Radiocarbon years BP",FALSE,TRUE,2,NA
"POGONIA",3558,3.02,15,0.53,0.9,4,0.7,NA,5,"Radiocarbon years BP",FALSE,TRUE,9,NA
"PORTAGE",1966,3.02,15,0.53,0.9,4,0.7,NA,5,"Radiocarbon years BP",FALSE,TRUE,5,NA
"RACHEL",12011,3.02,15,0.53,0.9,4,0.7,NA,5,"Calendar years BP",FALSE,TRUE,2,NA
"RADTKE",2011,3.02,15,0.53,0.9,4,0.7,NA,5,"Radiocarbon years BP",FALSE,TRUE,9,NA
"REICHOW",2051,3.02,15,0.53,0.9,4,0.7,NA,5,"Radiocarbon years BP",FALSE,TRUE,2,NA
"REIDEL",2053,3.02,15,0.53,0.9,4,0.7,NA,5,"Radiocarbon years BP",FALSE,TRUE,8,NA
"RHOLL",2062,3.02,15,0.53,0.9,4,0.7,NA,5,"Radiocarbon years BP",FALSE,TRUE,2,NA
"RICEMNA",2066,3.02,15,0.53,0.9,4,0.7,NA,5,"Radiocarbon years BP",FALSE,FALSE,1,NA
"RICEMNB",3568,3.02,15,0.53,0.9,4,0.7,NA,5,"Radiocarbon years BP",FALSE,TRUE,2,NA
"RNDGROVE",10983,3.02,15,0.53,0.9,4,0.7,NA,5,"Calendar years BP",FALSE,TRUE,2,NA
"ROSSBURG",2290,3.02,15,0.53,0.9,4,0.7,NA,5,"Radiocarbon years BP",FALSE,TRUE,4,NA
"RUBYLAKE",2309,3.02,15,0.53,0.9,4,0.7,NA,5,"Varve years BP",FALSE,FALSE,NA,NA
"RUTZLAKE",2314,3.02,15,0.53,0.9,4,0.7,NA,5,"Radiocarbon years BP",FALSE,TRUE,9,NA
"RYERSE",2318,3.02,15,0.53,0.9,4,0.7,NA,5,"Radiocarbon years BP",FALSE,TRUE,7,NA
"SEDIVY",2354,3.02,15,0.53,0.9,4,0.7,NA,5,"Radiocarbon years BP",FALSE,TRUE,2,NA
"SEIDEL02",3620,3.02,15,0.53,0.9,4,0.7,NA,5,"Radiocarbon years BP",FALSE,TRUE,2,NA
"SHAGAWA",2375,3.02,15,0.53,0.9,4,0.7,NA,5,"Radiocarbon years BP",FALSE,TRUE,3,NA
"SHARKEY",13029,3.02,15,0.53,0.9,4,0.7,NA,5,"Calibrated radiocarbon years BP",FALSE,TRUE,13,NA
"SILVERMN",2383,3.02,15,0.53,0.9,4,0.7,NA,5,"Radiocarbon years BP",FALSE,TRUE,2,NA
"SISEEBA",2394,3.02,15,0.53,0.9,4,0.7,NA,5,"Radiocarbon years BP",FALSE,TRUE,2,NA
"SOLUM",2581,3.02,15,0.53,0.9,4,0.7,NA,5,"Radiocarbon years BP",FALSE,TRUE,2,NA
"SOSTANCH",2584,3.02,15,0.53,0.9,4,0.7,NA,5,"Radiocarbon years BP",FALSE,TRUE,2,NA
"SOUHERON",10970,3.02,15,0.53,0.9,4,0.7,NA,5,"Calendar years BP",FALSE,TRUE,2,NA
"SPECTACL",2585,3.02,15,0.53,0.9,4,0.7,NA,5,"Radiocarbon years BP",FALSE,TRUE,2,NA
"SPIRIT",2586,3.02,15,0.53,0.9,4,0.7,NA,5,"Radiocarbon years BP",FALSE,TRUE,8,NA
"STCATHER",2600,3.02,15,0.53,0.9,4,0.7,NA,5,"Radiocarbon years BP",FALSE,TRUE,2,NA
"STONE",2605,3.02,15,0.53,0.9,4,0.7,NA,5,"Radiocarbon years BP",FALSE,TRUE,2,NA
"STONTAM1",2607,3.02,15,0.53,0.9,4,0.7,NA,5,"Radiocarbon years BP",FALSE,FALSE,NA,NA
"STONTAM2",3780,3.02,15,0.53,0.9,4,0.7,NA,5,"Radiocarbon years BP",FALSE,FALSE,NA,NA
"STWDARK2",3781,3.02,15,0.53,0.9,4,0.7,NA,5,"Radiocarbon years BP",FALSE,TRUE,6,NA
"SUNFISH",2613,3.02,15,0.53,0.9,4,0.7,NA,5,"Radiocarbon years BP",FALSE,TRUE,2,NA
"TAMARACK",2624,3.02,15,0.53,0.9,4,0.7,NA,5,"Radiocarbon years BP",FALSE,TRUE,6,NA
"TERHELL",2638,3.02,15,0.53,0.9,4,0.7,NA,5,"Radiocarbon years BP",FALSE,TRUE,3,NA
"THIRDLK",3784,3.02,15,0.53,0.9,4,0.7,NA,5,"Radiocarbon years BP",FALSE,FALSE,NA,NA
"THOMPSON",2640,3.02,15,0.53,0.9,4,0.7,NA,5,"Radiocarbon years BP",FALSE,TRUE,2,NA
"THRDBGN",3786,3.02,15,0.53,0.9,4,0.7,NA,5,"Radiocarbon years BP",FALSE,FALSE,NA,NA
"THRDBGW",3788,3.02,15,0.53,0.9,4,0.7,NA,5,"Radiocarbon years BP",FALSE,TRUE,2,NA
"TOENJES",2648,3.02,15,0.53,0.9,4,0.7,NA,5,"Radiocarbon years BP",FALSE,TRUE,2,NA
"TWINMN1",2881,3.02,15,0.53,0.9,4,0.7,NA,5,"Radiocarbon years BP",FALSE,TRUE,2,NA
"UNION",12015,3.02,15,0.53,0.9,4,0.7,NA,5,"Calendar years BP",FALSE,TRUE,2,NA
"UPGRAVEN",2888,3.02,15,0.53,0.9,4,0.7,NA,5,"Radiocarbon years BP",FALSE,TRUE,6,NA
"VESTABRG",3831,3.02,15,0.53,0.9,4,0.7,NA,5,"Radiocarbon years BP",FALSE,TRUE,2,NA
"WEBERLK",3837,3.02,15,0.53,0.9,4,0.7,NA,5,"Radiocarbon years BP",FALSE,TRUE,2,NA
"WENTZEL",2948,3.02,15,0.53,0.9,4,0.7,NA,5,"Radiocarbon years BP",FALSE,TRUE,5,NA
"WESTOLAF",13051,3.02,15,0.53,0.9,4,0.7,NA,5,"Calibrated radiocarbon years BP",FALSE,TRUE,11,NA
"WHITLIL1",2952,3.02,15,0.53,0.9,4,0.7,NA,5,"Radiocarbon years BP",FALSE,TRUE,2,NA
"WINTERGR",2961,3.02,15,0.53,0.9,4,0.7,NA,5,"Radiocarbon years BP",FALSE,TRUE,10,NA
"WOLSFELD",3031,3.02,15,0.53,0.9,4,0.7,NA,5,"Calibrated radiocarbon years BP",FALSE,TRUE,12,NA
"WOLVERIN",3032,3.02,15,0.53,0.9,4,0.7,NA,5,"Radiocarbon years BP",FALSE,TRUE,7,NA
"WOODLAKE",3035,3.02,15,0.53,0.9,4,0.7,NA,5,"Radiocarbon years BP",FALSE,TRUE,8,NA
"YELLOWDG",3047,3.02,15,0.53,0.9,4,0.7,NA,5,"Radiocarbon years BP",FALSE,TRUE,10,NA
"ZIEBELL",12012,3.02,15,0.53,0.9,4,0.7,NA,5,"Calendar years BP",FALSE,TRUE,2,NA
"FERRY","CLH2",3.02,15,0.53,0.9,4,0.7,NA,5,"Radio",FALSE,TRUE,NA,NA
"HELLHOLE","CLH3",3.02,15,0.53,0.9,4,0.7,NA,5,"Radio",FALSE,TRUE,NA,NA
"LONE","CLH5",3.02,15,0.53,0.9,4,0.7,NA,5,"Radio",FALSE,TRUE,NA,NA
"WARNER","CLH6",3.02,15,0.53,0.9,4,0.7,NA,5,"Radio",FALSE,TRUE,NA,NA
"LILY","CLH4",3.02,15,0.53,0.9,4,0.7,NA,5,"Radio",FALSE,TRUE,NA,NA
